-- phpMyAdmin SQL Dump
-- version 4.5.1
-- http://www.phpmyadmin.net
--
-- Client :  127.0.0.1
-- Généré le :  Mar 28 Août 2018 à 16:05
-- Version du serveur :  10.1.9-MariaDB
-- Version de PHP :  5.6.15

SET SQL_MODE = "NO_AUTO_VALUE_ON_ZERO";
SET time_zone = "+00:00";


/*!40101 SET @OLD_CHARACTER_SET_CLIENT=@@CHARACTER_SET_CLIENT */;
/*!40101 SET @OLD_CHARACTER_SET_RESULTS=@@CHARACTER_SET_RESULTS */;
/*!40101 SET @OLD_COLLATION_CONNECTION=@@COLLATION_CONNECTION */;
/*!40101 SET NAMES utf8mb4 */;

--
-- Base de données :  `db_site_syndic`
--

-- --------------------------------------------------------

--
-- Structure de la table `charge`
--

CREATE TABLE `charge` (
  `id` bigint(20) NOT NULL,
  `label` varchar(255) DEFAULT NULL,
  `montant` decimal(10,2) NOT NULL,
  `dateCharge` datetime NOT NULL,
  `type` varchar(255) NOT NULL
) ENGINE=InnoDB DEFAULT CHARSET=latin1;

--
-- Contenu de la table `charge`
--

INSERT INTO `charge` (`id`, `label`, `montant`, `dateCharge`, `type`) VALUES
(1, 'Total factures eau et élecricité du 07/2017 au 07/2018', '6995.83', '2018-08-03 00:00:00', 'EAU_ELECTRICITE'),
(2, 'Total factures de nettoyage du 07/2017 au 07/2018', '1296.89', '2018-08-03 00:00:00', 'NETTOYAGE'),
(3, 'Total des salaires du 07/2017 au 07/2018', '17600.00', '2018-08-03 00:00:00', 'SALAIRE'),
(4, 'Total des entretiens ascenseur du 07/2017 au 07/2018', '3015.00', '2018-08-03 00:00:00', 'ASCENSEUR'),
(5, 'Total autres charges du 07/2017 au 07/2018', '6272.27', '2018-08-03 00:00:00', 'AUTRE');

-- --------------------------------------------------------

--
-- Structure de la table `cotisation`
--

CREATE TABLE `cotisation` (
  `idCotisation` bigint(20) NOT NULL,
  `idMember` int(11) NOT NULL,
  `numAppt` int(11) NOT NULL,
  `montantCotisation` decimal(10,2) NOT NULL,
  `dateCotisation` datetime NOT NULL,
  `mounthCotisation` int(11) NOT NULL,
  `YearCotisation` int(11) NOT NULL
) ENGINE=InnoDB DEFAULT CHARSET=latin1;

--
-- Contenu de la table `cotisation`
--

INSERT INTO `cotisation` (`idCotisation`, `idMember`, `numAppt`, `montantCotisation`, `dateCotisation`, `mounthCotisation`, `YearCotisation`) VALUES
(1, 1, 1, '200.00', '2017-08-01 00:00:00', 8, 2017),
(2, 1, 1, '200.00', '2017-09-01 00:00:00', 9, 2017),
(3, 1, 1, '200.00', '2017-10-01 00:00:00', 10, 2017),
(4, 1, 1, '200.00', '2017-11-01 00:00:00', 11, 2017),
(5, 1, 1, '200.00', '2017-12-01 00:00:00', 12, 2017),
(6, 1, 1, '200.00', '2018-01-01 00:00:00', 1, 2018),
(7, 1, 1, '200.00', '2018-02-01 00:00:00', 2, 2018),
(8, 1, 1, '200.00', '2018-03-01 00:00:00', 3, 2018),
(9, 1, 1, '200.00', '2018-04-01 00:00:00', 4, 2018),
(10, 1, 1, '200.00', '2018-05-01 00:00:00', 5, 2018),
(11, 2, 2, '200.00', '2017-08-01 00:00:00', 8, 2017),
(12, 2, 2, '200.00', '2017-09-01 00:00:00', 9, 2017),
(13, 2, 2, '200.00', '2017-10-01 00:00:00', 10, 2017),
(14, 2, 2, '200.00', '2017-11-01 00:00:00', 11, 2017),
(15, 2, 2, '200.00', '2017-12-01 00:00:00', 12, 2017),
(16, 2, 2, '200.00', '2018-01-01 00:00:00', 1, 2018),
(17, 2, 2, '200.00', '2018-02-01 00:00:00', 2, 2018),
(18, 2, 2, '200.00', '2018-03-01 00:00:00', 3, 2018),
(19, 2, 2, '200.00', '2018-04-01 00:00:00', 4, 2018),
(20, 2, 2, '200.00', '2018-05-01 00:00:00', 5, 2018),
(21, 2, 2, '200.00', '2018-06-01 00:00:00', 6, 2018),
(22, 2, 2, '200.00', '2018-07-01 00:00:00', 7, 2018),
(24, 3, 3, '200.00', '2017-08-01 00:00:00', 8, 2017),
(25, 3, 3, '200.00', '2017-09-01 00:00:00', 9, 2017),
(26, 3, 3, '200.00', '2017-10-01 00:00:00', 10, 2017),
(27, 3, 3, '200.00', '2017-11-01 00:00:00', 11, 2017),
(28, 3, 3, '200.00', '2017-12-01 00:00:00', 12, 2017),
(29, 3, 3, '200.00', '2018-01-01 00:00:00', 1, 2018),
(30, 3, 3, '200.00', '2018-02-01 00:00:00', 2, 2018),
(31, 3, 3, '200.00', '2018-03-01 00:00:00', 3, 2018),
(32, 3, 3, '200.00', '2018-04-01 00:00:00', 4, 2018),
(33, 3, 3, '200.00', '2018-05-01 00:00:00', 5, 2018),
(34, 3, 3, '200.00', '2018-06-01 00:00:00', 6, 2018),
(35, 3, 3, '200.00', '2018-07-01 00:00:00', 7, 2018),
(36, 4, 4, '200.00', '2018-07-01 00:00:00', 7, 2018),
(37, 4, 4, '200.00', '2017-08-01 00:00:00', 8, 2017),
(38, 4, 4, '200.00', '2017-09-01 00:00:00', 9, 2017),
(39, 4, 4, '200.00', '2017-10-01 00:00:00', 10, 2017),
(40, 4, 4, '200.00', '2017-11-01 00:00:00', 11, 2017),
(41, 4, 4, '200.00', '2017-12-01 00:00:00', 12, 2017),
(42, 4, 4, '200.00', '2018-01-01 00:00:00', 1, 2018),
(43, 4, 4, '200.00', '2018-02-01 00:00:00', 2, 2018),
(44, 4, 4, '200.00', '2018-03-01 00:00:00', 3, 2018),
(45, 4, 4, '200.00', '2018-04-01 00:00:00', 4, 2018),
(46, 4, 4, '200.00', '2018-05-01 00:00:00', 5, 2018),
(47, 4, 4, '200.00', '2018-06-01 00:00:00', 6, 2018),
(50, 6, 6, '200.00', '2017-08-01 00:00:00', 8, 2017),
(51, 6, 6, '200.00', '2017-09-01 00:00:00', 9, 2017),
(52, 6, 6, '200.00', '2017-10-01 00:00:00', 10, 2017),
(53, 6, 6, '200.00', '2017-11-01 00:00:00', 11, 2017),
(54, 6, 6, '200.00', '2017-12-01 00:00:00', 12, 2017),
(55, 6, 6, '200.00', '2018-01-01 00:00:00', 1, 2018),
(56, 6, 6, '200.00', '2018-02-01 00:00:00', 2, 2018),
(57, 6, 6, '200.00', '2018-03-01 00:00:00', 3, 2018),
(58, 6, 6, '200.00', '2018-04-01 00:00:00', 4, 2018),
(59, 6, 6, '200.00', '2018-05-01 00:00:00', 5, 2018),
(60, 6, 6, '200.00', '2018-06-01 00:00:00', 6, 2018),
(61, 6, 6, '200.00', '2018-07-01 00:00:00', 7, 2018),
(62, 7, 7, '200.00', '2018-07-01 00:00:00', 7, 2018),
(63, 7, 7, '200.00', '2017-08-01 00:00:00', 8, 2017),
(64, 7, 7, '200.00', '2017-09-01 00:00:00', 9, 2017),
(65, 7, 7, '200.00', '2017-10-01 00:00:00', 10, 2017),
(66, 7, 7, '200.00', '2018-06-01 00:00:00', 6, 2018),
(69, 8, 8, '200.00', '2017-08-01 00:00:00', 8, 2017),
(70, 8, 8, '200.00', '2017-09-01 00:00:00', 9, 2017),
(71, 8, 8, '200.00', '2017-10-01 00:00:00', 10, 2017),
(72, 8, 8, '200.00', '2017-11-01 00:00:00', 11, 2017),
(73, 8, 8, '200.00', '2017-12-01 00:00:00', 12, 2017),
(74, 8, 8, '200.00', '2018-01-01 00:00:00', 1, 2018),
(75, 8, 8, '200.00', '2018-02-01 00:00:00', 2, 2018),
(76, 8, 8, '200.00', '2018-03-01 00:00:00', 3, 2018),
(77, 8, 8, '200.00', '2018-04-01 00:00:00', 4, 2018),
(78, 8, 8, '200.00', '2018-05-01 00:00:00', 5, 2018),
(79, 8, 8, '200.00', '2018-06-01 00:00:00', 6, 2018),
(80, 9, 9, '200.00', '2017-08-01 00:00:00', 8, 2017),
(81, 9, 9, '200.00', '2017-09-01 00:00:00', 9, 2017),
(82, 9, 9, '200.00', '2017-10-01 00:00:00', 10, 2017),
(83, 9, 9, '200.00', '2017-11-01 00:00:00', 11, 2017),
(84, 9, 9, '200.00', '2017-12-01 00:00:00', 12, 2017),
(85, 9, 9, '200.00', '2018-01-01 00:00:00', 1, 2018),
(86, 9, 9, '200.00', '2018-02-01 00:00:00', 2, 2018),
(87, 9, 9, '200.00', '2018-03-01 00:00:00', 3, 2018),
(88, 9, 9, '200.00', '2018-04-01 00:00:00', 4, 2018),
(89, 9, 9, '200.00', '2018-05-01 00:00:00', 5, 2018),
(90, 9, 9, '200.00', '2018-06-01 00:00:00', 6, 2018),
(91, 9, 9, '200.00', '2018-07-01 00:00:00', 7, 2018),
(93, 10, 10, '200.00', '2017-08-01 00:00:00', 8, 2017),
(94, 10, 10, '200.00', '2017-09-01 00:00:00', 9, 2017),
(95, 10, 10, '200.00', '2017-10-01 00:00:00', 10, 2017),
(96, 10, 10, '200.00', '2017-11-01 00:00:00', 11, 2017),
(97, 10, 10, '200.00', '2017-12-01 00:00:00', 12, 2017),
(98, 10, 10, '200.00', '2018-01-01 00:00:00', 1, 2018),
(99, 10, 10, '200.00', '2018-02-01 00:00:00', 2, 2018),
(100, 10, 10, '200.00', '2018-03-01 00:00:00', 3, 2018),
(101, 11, 11, '200.00', '2017-08-01 00:00:00', 8, 2017),
(102, 11, 11, '200.00', '2017-09-01 00:00:00', 9, 2017),
(103, 11, 11, '200.00', '2017-10-01 00:00:00', 10, 2017),
(104, 11, 11, '200.00', '2017-11-01 00:00:00', 11, 2017),
(105, 11, 11, '200.00', '2017-12-01 00:00:00', 12, 2017),
(106, 11, 11, '200.00', '2018-01-01 00:00:00', 1, 2018),
(107, 11, 11, '200.00', '2018-02-01 00:00:00', 2, 2018),
(108, 11, 11, '200.00', '2018-03-01 00:00:00', 3, 2018),
(109, 11, 11, '200.00', '2018-04-01 00:00:00', 4, 2018),
(110, 11, 11, '200.00', '2018-05-01 00:00:00', 5, 2018),
(111, 11, 11, '200.00', '2018-06-01 00:00:00', 6, 2018),
(112, 12, 12, '200.00', '2017-08-01 00:00:00', 8, 2017),
(113, 12, 12, '200.00', '2017-09-01 00:00:00', 9, 2017),
(114, 12, 12, '200.00', '2017-10-01 00:00:00', 10, 2017),
(115, 12, 12, '200.00', '2017-11-01 00:00:00', 11, 2017),
(116, 12, 12, '200.00', '2017-12-01 00:00:00', 12, 2017),
(117, 12, 12, '200.00', '2018-01-01 00:00:00', 1, 2018),
(118, 12, 12, '200.00', '2018-02-01 00:00:00', 2, 2018),
(119, 12, 12, '200.00', '2018-03-01 00:00:00', 3, 2018),
(120, 12, 12, '200.00', '2018-04-01 00:00:00', 4, 2018),
(121, 13, 13, '200.00', '2017-08-01 00:00:00', 8, 2017),
(122, 13, 13, '200.00', '2017-09-01 00:00:00', 9, 2017),
(123, 13, 13, '200.00', '2017-10-01 00:00:00', 10, 2017),
(124, 13, 13, '200.00', '2017-11-01 00:00:00', 11, 2017),
(125, 13, 13, '200.00', '2017-12-01 00:00:00', 12, 2017),
(126, 13, 13, '200.00', '2018-01-01 00:00:00', 1, 2018),
(127, 13, 13, '200.00', '2018-02-01 00:00:00', 2, 2018),
(128, 13, 13, '200.00', '2018-03-01 00:00:00', 3, 2018),
(129, 13, 13, '200.00', '2018-04-01 00:00:00', 4, 2018),
(130, 13, 13, '200.00', '2018-05-01 00:00:00', 5, 2018),
(131, 13, 13, '200.00', '2018-06-01 00:00:00', 6, 2018),
(132, 14, 14, '200.00', '2017-08-01 00:00:00', 8, 2017),
(133, 14, 14, '200.00', '2017-09-01 00:00:00', 9, 2017),
(134, 14, 14, '200.00', '2017-10-01 00:00:00', 10, 2017),
(135, 14, 14, '200.00', '2017-11-01 00:00:00', 11, 2017),
(136, 14, 14, '200.00', '2017-12-01 00:00:00', 12, 2017),
(137, 14, 14, '200.00', '2018-01-01 00:00:00', 1, 2018),
(138, 14, 14, '200.00', '2018-02-01 00:00:00', 2, 2018),
(139, 14, 14, '200.00', '2018-03-01 00:00:00', 3, 2018),
(140, 14, 14, '200.00', '2018-04-01 00:00:00', 4, 2018),
(141, 14, 14, '200.00', '2018-05-01 00:00:00', 5, 2018),
(142, 14, 14, '200.00', '2018-06-01 00:00:00', 6, 2018),
(143, 14, 14, '200.00', '2018-07-01 00:00:00', 7, 2018),
(145, 15, 15, '200.00', '2017-08-01 00:00:00', 8, 2017),
(146, 15, 15, '200.00', '2017-09-01 00:00:00', 9, 2017),
(147, 15, 15, '200.00', '2017-10-01 00:00:00', 10, 2017),
(148, 15, 15, '200.00', '2017-11-01 00:00:00', 11, 2017),
(149, 15, 15, '200.00', '2017-12-01 00:00:00', 12, 2017),
(150, 15, 15, '200.00', '2018-01-01 00:00:00', 1, 2018),
(151, 15, 15, '200.00', '2018-02-01 00:00:00', 2, 2018),
(152, 15, 15, '200.00', '2018-03-01 00:00:00', 3, 2018),
(153, 15, 15, '200.00', '2018-04-01 00:00:00', 4, 2018),
(154, 15, 15, '200.00', '2018-05-01 00:00:00', 5, 2018),
(155, 15, 15, '200.00', '2018-06-01 00:00:00', 6, 2018),
(156, 16, 16, '200.00', '2017-08-01 00:00:00', 8, 2017),
(157, 16, 16, '200.00', '2017-09-01 00:00:00', 9, 2017),
(158, 16, 16, '200.00', '2017-10-01 00:00:00', 10, 2017),
(159, 16, 16, '200.00', '2017-11-01 00:00:00', 11, 2017),
(160, 16, 16, '200.00', '2017-12-01 00:00:00', 12, 2017),
(161, 16, 16, '200.00', '2018-01-01 00:00:00', 1, 2018),
(162, 16, 16, '200.00', '2018-02-01 00:00:00', 2, 2018),
(163, 16, 16, '200.00', '2018-03-01 00:00:00', 3, 2018),
(164, 16, 16, '200.00', '2018-04-01 00:00:00', 4, 2018),
(165, 16, 16, '200.00', '2018-05-01 00:00:00', 5, 2018),
(166, 16, 16, '200.00', '2018-06-01 00:00:00', 6, 2018),
(167, 16, 16, '200.00', '2018-07-01 00:00:00', 7, 2018),
(168, 17, 0, '200.00', '2018-07-01 00:00:00', 7, 2018),
(169, 17, 0, '200.00', '2017-08-01 00:00:00', 8, 2017),
(170, 17, 0, '200.00', '2017-09-01 00:00:00', 9, 2017),
(171, 17, 0, '200.00', '2017-10-01 00:00:00', 10, 2017),
(172, 17, 0, '200.00', '2017-11-01 00:00:00', 11, 2017),
(173, 17, 0, '200.00', '2017-12-01 00:00:00', 12, 2017),
(174, 17, 0, '200.00', '2018-01-01 00:00:00', 1, 2018),
(175, 17, 0, '200.00', '2018-02-01 00:00:00', 2, 2018),
(176, 17, 0, '200.00', '2018-03-01 00:00:00', 3, 2018),
(177, 17, 0, '200.00', '2018-04-01 00:00:00', 4, 2018),
(178, 17, 0, '200.00', '2018-05-01 00:00:00', 5, 2018),
(179, 17, 0, '200.00', '2018-06-01 00:00:00', 6, 2018),
(181, 0, 100, '1400.00', '2017-07-22 00:00:00', 7, 2017),
(183, 17, 0, '200.00', '2018-08-01 00:00:00', 8, 2018);

-- --------------------------------------------------------

--
-- Structure de la table `history`
--

CREATE TABLE `history` (
  `id` bigint(20) NOT NULL,
  `dateHistory` datetime NOT NULL,
  `description` text NOT NULL
) ENGINE=InnoDB DEFAULT CHARSET=latin1;

--
-- Contenu de la table `history`
--

INSERT INTO `history` (`id`, `dateHistory`, `description`) VALUES
(1, '2018-08-06 10:39:03', 'MOUHSSIN À AJOUTER UNE COTISATION DE 200 DHS DU CAFÉ POUR LE 8/2018'),
(2, '2018-08-10 11:21:59', 'MOUHSSIN À AJOUTER UNE COTISATION DE 200 DHS DU CAFÉ POUR LE 8/2018');

-- --------------------------------------------------------

--
-- Structure de la table `member`
--

CREATE TABLE `member` (
  `id` int(11) NOT NULL,
  `firstname` varchar(255) DEFAULT NULL,
  `lastname` varchar(255) DEFAULT NULL,
  `email` varchar(255) DEFAULT NULL,
  `tel` varchar(255) DEFAULT NULL,
  `numAppt` int(11) NOT NULL
) ENGINE=InnoDB DEFAULT CHARSET=latin1;

--
-- Contenu de la table `member`
--

INSERT INTO `member` (`id`, `firstname`, `lastname`, `email`, `tel`, `numAppt`) VALUES
(1, 'AMINA', 'SHIMI', NULL, NULL, 1),
(2, 'MOUHSSIN', 'HIDAOUI', 'hidaoui.mouhssin@gmail.com', '0615295814', 2),
(3, 'ABDELAH', 'MOUJAHID', '', '', 3),
(4, 'SAMIRA', 'NDIFI', NULL, NULL, 4),
(5, 'HOUDA', 'HOUDA', NULL, NULL, 5),
(6, 'FDALI', 'TAHIRI', NULL, NULL, 6),
(7, 'FATIMA', 'HMIMICH', NULL, NULL, 7),
(8, 'ZOUHIR', 'WAKAF', NULL, NULL, 8),
(9, 'RACHID', 'TAHIRI', NULL, NULL, 9),
(10, 'MAHJOUB', 'FIGHI', NULL, NULL, 10),
(11, 'RACHID', 'NAMROUCH', NULL, NULL, 11),
(12, 'YOUSSEF', 'RAFIK', NULL, NULL, 12),
(13, 'HASSAN', 'TAGHRITI', NULL, NULL, 13),
(14, 'JAWAD', 'JAWAD', NULL, NULL, 14),
(15, 'ADIL', 'KARMAN', NULL, NULL, 15),
(16, 'HABIB', 'ABO FATH', NULL, NULL, 16),
(17, 'AZZEDINE', 'IDBIRI', NULL, NULL, 0);

-- --------------------------------------------------------

--
-- Structure de la table `type_charge`
--

CREATE TABLE `type_charge` (
  `idType` int(11) NOT NULL,
  `code` varchar(45) NOT NULL,
  `label` varchar(255) NOT NULL
) ENGINE=InnoDB DEFAULT CHARSET=latin1;

--
-- Contenu de la table `type_charge`
--

INSERT INTO `type_charge` (`idType`, `code`, `label`) VALUES
(1, 'EAU_ELECTRICITE', 'Eau et électricité'),
(2, 'NETTOYAGE', 'Frais de nettoyage'),
(3, 'SALAIRE', 'Salaire'),
(4, 'ASCENSEUR', 'Entretien de l''ascenseur'),
(5, 'AUTRE', 'Autre');

-- --------------------------------------------------------

--
-- Structure de la table `user`
--

CREATE TABLE `user` (
  `id` int(11) NOT NULL,
  `login` varchar(255) NOT NULL,
  `firstnameUser` varchar(255) DEFAULT NULL,
  `lastnameUser` varchar(255) DEFAULT NULL,
  `email` varchar(255) DEFAULT NULL,
  `password` varchar(255) NOT NULL,
  `rankUser` int(11) NOT NULL,
  `isActive` tinyint(1) NOT NULL DEFAULT '1',
  `lastLoginDate` decimal(11,0) DEFAULT NULL
) ENGINE=InnoDB DEFAULT CHARSET=latin1;

--
-- Contenu de la table `user`
--

INSERT INTO `user` (`id`, `login`, `firstnameUser`, `lastnameUser`, `email`, `password`, `rankUser`, `isActive`, `lastLoginDate`) VALUES
(1, 'ADMIN', 'Mouhssin', 'Hidaoui', 'hidaoui.mouhssin@gmail.com', 'd033e22ae348aeb5660fc2140aec35850c4da997', 1, 1, '1533308248');

--
-- Index pour les tables exportées
--

--
-- Index pour la table `charge`
--
ALTER TABLE `charge`
  ADD PRIMARY KEY (`id`);

--
-- Index pour la table `cotisation`
--
ALTER TABLE `cotisation`
  ADD PRIMARY KEY (`idCotisation`);

--
-- Index pour la table `history`
--
ALTER TABLE `history`
  ADD PRIMARY KEY (`id`);

--
-- Index pour la table `member`
--
ALTER TABLE `member`
  ADD PRIMARY KEY (`id`);

--
-- Index pour la table `type_charge`
--
ALTER TABLE `type_charge`
  ADD PRIMARY KEY (`idType`);

--
-- Index pour la table `user`
--
ALTER TABLE `user`
  ADD PRIMARY KEY (`id`);

--
-- AUTO_INCREMENT pour les tables exportées
--

--
-- AUTO_INCREMENT pour la table `charge`
--
ALTER TABLE `charge`
  MODIFY `id` bigint(20) NOT NULL AUTO_INCREMENT, AUTO_INCREMENT=6;
--
-- AUTO_INCREMENT pour la table `cotisation`
--
ALTER TABLE `cotisation`
  MODIFY `idCotisation` bigint(20) NOT NULL AUTO_INCREMENT, AUTO_INCREMENT=184;
--
-- AUTO_INCREMENT pour la table `history`
--
ALTER TABLE `history`
  MODIFY `id` bigint(20) NOT NULL AUTO_INCREMENT, AUTO_INCREMENT=3;
--
-- AUTO_INCREMENT pour la table `member`
--
ALTER TABLE `member`
  MODIFY `id` int(11) NOT NULL AUTO_INCREMENT, AUTO_INCREMENT=18;
--
-- AUTO_INCREMENT pour la table `type_charge`
--
ALTER TABLE `type_charge`
  MODIFY `idType` int(11) NOT NULL AUTO_INCREMENT, AUTO_INCREMENT=6;
--
-- AUTO_INCREMENT pour la table `user`
--
ALTER TABLE `user`
  MODIFY `id` int(11) NOT NULL AUTO_INCREMENT, AUTO_INCREMENT=2;
/*!40101 SET CHARACTER_SET_CLIENT=@OLD_CHARACTER_SET_CLIENT */;
/*!40101 SET CHARACTER_SET_RESULTS=@OLD_CHARACTER_SET_RESULTS */;
/*!40101 SET COLLATION_CONNECTION=@OLD_COLLATION_CONNECTION */;
